Créé le;Horodatage;Nombre d'utilisateurs du domaine education.gouv.fr;Nombre de messages du domaine education.gouv.fr;Nombre d'utilisateurs IGESR;Nombre de messages IGESR;Nombre d'utilisateurs de l'académie d'Orléans-Tours;Nombre de messages de l'académie d'Orléans-Tours;Nombre d'utilisateurs de l'académie de Versailles;Nombre de messages de l'académie de Versailles;Nombre d'utilisateurs de l'académie de Rennes;Nombre de messages de l'académie de Rennes;Nombre d'utilisateurs de l'académie de Nantes;Nombre de messages de l'académie de Nantes;Nombre d'utilisateurs de l'académie d'Aix-Marseille;Nombre de messages de l'académie d'Aix-Marseille;Nombre de messages du domaine Jeunesse, Vie associative et Sports;Nombre d'utilisateurs du domaine Jeunesse, Vie associative et Sports;Nombre d'utilisateurs de l'académie de Créteil;Nombre de messages de l'académie de Créteil;Nombre d'utilisateurs de l'académie de La Réunion;Nombre de messages de l'académie de La Réunion;Nombre d'utilisateurs de l'académie de Nice;Nombre de messages de l'académie de Nice;Nombre d'utilisateurs de l'académie de Reims;Nombre de messages de l'académie de Reims;Nombre d'utilisateurs de l'académie de Bordeaux;Nombre de messages de l'académie de Bordeaux;Nombre d'utilisateurs de l'académie de Montpellier;Nombre de messages de l'académie de Montpellier;Nombre d'utilisateurs de l'académie de Strasbourg;Nombre de messages de l'académie de Strasbourg;Nombre d'utilisateurs de l'académie de Besançon;Nombre de messages de l'académie de Besançon;Nombre d'utilisateurs de l'académie de Lille;Nombre de messages de l'académie de Lille;Nombre d'utilisateurs de l'académie de Toulouse;Nombre de messages de l'académie de Toulouse;Nombre d'utilisateurs de l'académie de Normandie;Nombre de messages de l'académie de Normandie;Nombre d'utilisateurs de l'académie de Nancy-Metz;Nombre de messages de l'académie de Nancy-Metz;Nombre d'utilisateurs de l'académie de Lyon;Nombre de messages de l'académie de Lyon;Nombre d'utilisateurs de l'académie de Dijon;Nombre de messages de l'académie de Dijon;Nombre d'utilisateurs de l'académie de Guyane;Nombre de messages de l'académie de Guyane;Nombre d'utilisateurs de l'académie de Paris;Nombre de messages de l'académie de Paris;Nombre d'utilisateurs de l'académie de Martinique;Nombre de messages de l'académie de Martinique;Nombre d'utilisateurs de l'académie de Clermont-Ferrand;Nombre de messages de l'académie de Clermont-Ferrand;Nombre d'utilisateurs du réseau Canopé;Nombre de messages du réseau Canopé;Nombre d'utilisateurs de l'académie de Grenoble;Nombre de messages de l'académie de Grenoble;Nombre d'utilisateurs de l'académie de Poitiers;Nombre de messages de l'académie de Poitiers;Nombre d'utilisateurs du domaine Educagri (enseignement agricole);Nombre de messages du domaine Educagri (enseignement agricole);Nombre d'utilisateurs de la région académique Provence-Alpes-Côte d'Azur;Nombre de messages de la région académique Provence-Alpes-Côte d'Azur;Nombre d'utilisateurs de l'académie de Limoges;Nombre de messages de l'académie de Limoges;Nombre d'utilisateurs de l'académie d'Amiens;Nombre de messages de l'académie d'Amiens;Nombre d'utilisateurs de l'académie de Corse;Nombre de messages de l'académie de Corse;Nombre d'utilisateurs de la région académique Hauts-de-France;Nombre de messages de la région académique Hauts-de-France;Nombre d'utilisateurs de l'académie de Mayotte;Nombre de messages de l'académie de Mayotte;Nombre d'utilisateurs du vice-rectorat de Nouvelle-Calédonie;Nombre de messages du vice-rectorat de Nouvelle-Calédonie;Nombre d'utilisateurs du vice-rectorat de Polynésie française;Nombre de messages du vice-rectorat de Polynésie française;Nombre d'utilisateurs de l'académie de Guadeloupe;Nombre de messages de l'académie de Guadeloupe;Nombre d'utilisateurs de la région académique Île-de-France;Nombre de messages de la région académique Île-de-France;Nombre d'utilisateurs de l'AEFE (Agence pour l'enseignement français à l'étranger);Nombre de messages de l'AEFE (Agence pour l'enseignement français à l'étranger);Nombre d'utilisateurs - domaines non identifiés;Nombre de messages - domaines non identifiés;Nombre d'utilisateurs de l'Université de Strasbourg;Nombre de messages de l'Université de Strasbourg;Nombre d'utilisateurs de la région académique Nouvelle-Aquitaine;Nombre de messages de la région académique Nouvelle-Aquitaine;Nombre d'utilisateurs du CNED (Centre national d'enseignement à distance);Nombre de messages du CNED (Centre national d'enseignement à distance);Nombre d'utilisateurs de la région académique Auvergne-Rhône-Alpes;Nombre de messages de la région académique Auvergne-Rhône-Alpes;parcoursup.fr messages;onisep.fr utilisateurs;onisep.fr messages;siec.education.fr utilisateurs;siec.education.fr messages;clemi.fr utilisateurs;clemi.fr messages;lycee-chateaubriand.eu utilisateurs;lycee-chateaubriand.eu messages;pix.fr utilisateurs;pix.fr messages;externe.phm.education.gouv.fr utilisateurs;externe.phm.education.gouv.fr messages;parcoursup.fr utilisateurs
2026-06-26T05:00:00+02:00;2026-06-26T03:00:01+02:00;615;47177;72;9878;247;9434;177;8331;254;7704;371;7776;136;7116;0;0;163;6716;75;6666;98;6671;250;6382;403;6204;402;6059;532;6264;194;5450;168;5246;416;5673;134;5180;141;4569;81;3515;163;3110;37;2508;67;2342;122;2387;74;2220;96;2213;88;1986;80;1940;25;1689;24;1571;58;1596;61;1428;37;1379;24;1122;76;1063;46;867;43;628;35;203;8;150;16;106;37;121;9;77;3;25;6;25;1;18;0;0;0;0;0;0;0;0;0;0;0;0;0;0
2026-06-28T05:00:00+02:00;2026-06-28T03:00:01+02:00;626;47749;72;9932;269;9619;181;8638;278;7866;400;8020;151;7257;0;0;176;6844;87;6763;115;6841;261;6470;428;6487;430;6414;575;6836;212;5610;174;5348;454;5950;143;5372;145;4651;86;3566;172;3213;65;2631;73;2412;134;2494;77;2254;101;2292;98;2026;86;1974;27;1717;24;1582;61;1650;62;1446;38;1385;25;1154;80;1135;46;872;45;657;36;207;8;159;16;114;47;152;9;79;3;28;6;40;1;18;0;0;0;0;0;0;0;0;0;0;0;0;0;0
2026-07-07T05:00:00+02:00;2026-07-07T03:00:01+02:00;696;50538;81;10152;342;10536;241;9460;330;8500;589;9493;166;7682;30;1;224;7585;107;7160;140;7256;319;7155;508;7544;511;7502;697;8687;288;6283;396;6237;611;7351;173;6196;171;4900;107;3757;213;3553;79;2915;81;2818;171;2985;83;2431;116;2506;128;2217;118;2272;43;1871;24;1636;78;1866;290;2333;54;1564;40;1328;90;1348;56;1114;48;764;49;291;9;205;20;164;77;342;9;86;3;48;12;83;1;19;0;0;0;0;0;0;0;0;0;0;0;0;0;0
2026-07-09T05:00:00+02:00;2026-07-09T03:00:01+02:00;771;51554;88;10199;349;10715;261;9635;336;8606;628;9936;172;7777;30;1;237;7750;112;7265;149;7381;332;7429;524;7784;522;7711;707;8984;297;6427;426;6474;625;7640;194;6388;178;5019;121;3954;218;3635;81;2973;84;2881;178;3197;84;2469;119;2547;143;2303;130;2365;66;1963;24;1639;79;1896;329;2512;54;1584;40;1376;91;1375;58;1171;50;810;51;303;10;219;23;177;81;356;11;93;3;48;14;105;1;19;0;0;0;0;0;0;0;0;0;0;0;0;0;0
2026-07-10T05:00:00+02:00;2026-07-10T03:00:01+02:00;799;52033;89;10220;352;10818;269;9791;339;8684;640;10137;174;7833;30;1;239;7862;113;7362;151;7452;335;7524;530;7900;529;7800;717;9145;301;6487;428;6574;628;7732;199;6461;180;5092;121;3997;222;3657;81;2990;86;2921;183;3279;85;2482;119;2567;148;2426;130;2384;67;1993;24;1640;79;1903;335;2559;54;1592;41;1403;91;1396;58;1207;50;854;53;329;11;222;24;182;85;370;11;93;3;48;14;106;1;19;0;0;0;0;0;0;0;0;0;0;0;0;0;0
2026-07-24T05:00:00+02:00;2026-07-24T03:00:00+02:00;895;56397;96;10595;375;11513;327;11156;360;9195;785;11977;193;8103;30;1;278;8400;130;7664;181;7857;347;8105;573;8879;578;8614;777;10647;313;6820;499;7374;668;8758;244;7100;232;5711;138;4211;238;4058;88;3242;92;3196;200;3752;93;2614;127;2679;189;3219;158;2652;85;2166;25;1758;87;2084;438;3260;58;1668;48;1605;93;1480;82;1628;52;948;56;370;14;282;24;194;106;514;12;98;3;48;18;147;1;19;0;0;0;0;0;0;0;0;0;0;0;0;0;0
2026-07-26T05:00:00+02:00;2026-07-26T03:00:00+02:00;897;56850;96;10609;377;11551;332;11217;361;9240;799;12108;193;8142;30;1;282;8439;132;7706;182;7879;348;8187;575;8950;580;8645;779;10720;313;6907;503;7439;671;8886;245;7166;256;5837;139;4217;239;4086;88;3260;93;3213;201;3769;93;2621;127;2679;193;3294;159;2664;85;2183;25;1770;87;2105;439;3296;58;1673;48;1620;93;1513;84;1659;52;962;56;370;14;282;24;194;109;522;12;100;3;48;18;149;1;19;0;0;0;0;0;0;0;0;0;0;0;0;0;0
2026-08-02T05:00:00+02:00;2026-08-02T03:00:00+02:00;923;58999;97;10755;378;11614;349;11451;365;9418;846;12481;198;8374;30;1;286;8510;133;7745;185;8030;351;8252;586;9253;587;8966;789;11128;318;7041;526;7839;678;9111;249;7383;292;6078;143;4336;240;4197;89;3305;95;3477;201;3784;94;2626;127;2708;196;3448;163;2686;85;2201;25;1822;87;2107;467;3439;59;1695;50;1672;96;1605;89;1893;52;1026;56;376;15;300;26;220;135;924;16;111;3;48;21;168;1;23;0;0;0;0;0;0;0;0;0;0;0;0;0;0
2026-08-07T05:00:00+02:00;2026-08-07T03:00:00+02:00;932;60671;97;10855;379;11640;351;11620;368;9524;870;12787;199;8489;30;1;287;8545;136;7976;189;8088;356;8284;588;9352;593;9098;793;11466;318;7108;532;7955;682;9301;249;7392;306;6246;147;4397;242;4301;89;3307;96;3555;202;3801;94;2628;127;2709;198;3495;165;2699;86;2212;25;1828;87;2109;487;3504;61;1709;51;1691;97;1684;93;2062;52;1102;57;378;15;304;27;225;149;1153;20;120;3;48;21;194;1;23;0;0;0;0;0;0;0;0;0;0;0;0;0;0
2026-08-15T05:00:00+02:00;2026-08-15T03:00:00+02:00;943;62344;97;11007;383;11754;359;11783;369;9608;877;13014;204;8741;30;1;292;8642;164;8396;190;8157;357;8385;590;9523;598;9397;799;11748;321;7205;546;8323;685;9689;252;7433;319;6430;149;4528;243;4488;91;3309;97;3656;203;3818;96;2645;127;2722;201;3734;166;2733;88;2231;25;1833;88;2120;505;3626;62;1729;51;1714;97;1762;99;2352;54;1208;57;381;15;306;27;232;157;1284;22;159;3;48;21;221;1;23;0;0;0;0;0;0;0;0;0;0;0;0;0;0
2026-08-17T05:00:00+02:00;2026-08-17T03:00:00+02:00;943;62405;97;11031;384;11772;364;11825;369;9608;877;13020;205;8778;30;1;293;8661;166;8497;190;8160;358;8397;590;9561;602;9453;799;11841;322;7219;552;8456;687;9708;253;7454;322;6456;150;4548;243;4504;91;3309;97;3666;204;3846;96;2645;127;2725;202;3840;166;2733;89;2232;25;1833;88;2124;511;3643;62;1731;51;1715;97;1762;99;2362;54;1208;57;381;15;306;27;241;157;1284;22;161;3;48;21;221;1;23;0;0;0;0;0;0;0;0;0;0;0;0;0;0
2026-08-23T05:00:00+02:00;2026-08-23T03:00:00+02:00;953;63517;98;11178;398;12160;374;12213;390;9951;901;13330;213;9103;30;1;298;8789;202;8983;193;8316;365;8785;603;9946;614;9688;817;12442;327;7578;586;8795;698;9898;264;7696;347;6819;155;4661;251;4653;91;3361;100;3787;205;3939;98;2671;129;2871;205;4078;171;2825;93;2284;25;1875;92;2169;563;4068;63;1745;54;1728;98;1884;99;2450;56;1330;58;398;15;312;28;257;171;1468;23;163;3;48;21;237;1;23;0;0;0;0;0;0;0;0;0;0;0;0;0;0
2026-08-24T05:00:00+02:00;2026-08-24T03:00:00+02:00;953;63552;98;11179;399;12269;375;12246;391;9960;902;13349;213;9140;30;1;298;8798;203;9002;193;8326;367;8797;604;9981;617;9739;820;12494;327;7582;590;8831;698;9898;265;7718;349;6875;157;4688;252;4654;92;3371;100;3803;206;3947;98;2698;130;2872;205;4088;171;2826;93;2284;25;1880;92;2186;568;4101;63;1745;54;1729;98;1888;99;2474;56;1330;58;398;15;312;28;257;171;1468;23;163;3;48;21;237;1;23;0;0;0;0;0;0;0;0;0;0;0;0;0;0
2026-08-29T05:00:00+02:00;2026-08-29T03:00:00+02:00;964;65222;101;11361;410;12786;412;12803;448;10478;936;13872;224;9360;30;1;322;9153;238;9743;203;8578;387;9183;629;10597;632;10084;859;13331;334;7814;638;9492;698;9898;289;8077;401;7366;169;4837;275;4937;95;3481;104;4005;214;4092;110;2853;137;2947;218;4274;191;3049;99;2336;25;1914;93;2252;643;4755;64;1771;55;1788;100;1976;103;2651;57;1490;59;416;15;336;30;272;200;1741;24;169;3;48;28;280;1;23;0;0;0;0;0;0;0;0;0;0;0;0;0;0
2026-09-19T05:00:00+02:00;2026-09-19T03:00:01+02:00;1026;70516;114;12026;565;15275;574;14993;839;13827;1050;15565;354;11031;30;1;490;11264;358;12446;302;9937;490;10808;798;13254;753;12016;1078;17386;405;9116;875;12482;700;9913;422;10010;610;9944;274;5777;391;6354;118;4133;142;4914;261;5294;176;3683;160;3325;322;5906;290;3894;126;2678;27;2001;143;2649;941;7408;77;2123;59;1880;110;2360;120;3390;65;1913;74;573;17;394;43;358;287;2238;38;234;4;50;233;1492;1;43;4536;64;3093;5;116;3;58;4;20;1;4;2;2;22
2026-09-27T05:00:00+02:00;2026-09-27T03:00:01+02:00;1042;72408;116;12286;616;16327;692;15924;951;15211;1180;16785;420;11910;30;1;541;12289;412;13294;332;10599;513;11380;854;14244;793;12773;1185;19070;448;9768;958;13666;728;10218;464;10990;682;10999;316;6377;421;6834;120;4348;156;5262;278;5744;209;4110;165;3442;355;6868;339;4298;135;2792;32;2036;156;2781;1036;8437;85;2225;59;1880;116;2518;144;3684;74;2113;107;762;17;418;47;414;314;2383;39;324;4;51;267;2064;1;49;4584;72;3151;5;117;3;64;4;20;1;4;4;30;22
2026-09-29T05:00:00+02:00;2026-09-29T03:00:01+02:00;1047;72802;117;12352;628;16610;724;16383;977;15621;1220;17205;437;12072;30;1;558;12517;423;13529;335;10823;517;11531;876;14605;808;13065;1199;19468;461;9959;974;13988;734;10308;473;11272;695;11364;323;6519;433;7014;121;4416;159;5305;278;5849;214;4225;168;3478;373;7080;356;4490;140;2819;32;2047;161;2829;1061;8726;87;2276;59;1880;117;2555;146;3812;74;2142;111;835;17;420;47;421;316;2384;39;328;4;51;277;2204;1;49;4591;73;3164;5;118;3;64;4;20;1;4;4;31;22
2026-09-30T05:00:00+02:00;2026-09-30T03:00:01+02:00;1056;73111;118;12365;635;16777;736;16515;1005;15841;1239;17503;446;12255;30;1;564;12618;436;13756;341;10919;520;11610;884;14740;809;13110;1224;19781;464;10040;997;14203;740;10358;484;11421;702;11476;327;6597;435;7123;121;4440;161;5354;279;5977;221;4290;168;3506;377;7169;362;4584;140;2838;32;2052;161;2850;1072;8858;88;2287;59;1880;117;2575;148;3865;74;2159;114;873;17;425;47;423;318;2393;39;328;4;51;278;2310;1;49;4611;73;3174;5;118;3;64;4;20;1;4;4;32;22
;2026-06-24T03:00:01+02:00;538;46225;72;9810;180;9105;166;8181;225;7483;292;7277;122;6958;0;0;149;6588;68;6537;93;6546;198;6123;341;5751;312;5575;384;5505;171;5199;149;5103;317;5158;126;5002;131;4428;78;3470;146;2991;36;2433;66;2258;102;2222;61;2136;89;2126;83;1958;73;1887;22;1673;22;1551;57;1562;57;1399;33;1356;24;1094;45;867;44;810;38;570;24;184;8;124;15;98;26;79;6;65;2;24;5;21;1;18;0;0;0;0;0;0;0;0;0;0;0;0;0;0
2026-06-25T05:00:00+02:00;2026-06-25T03:00:01+02:00;595;46766;72;9849;223;9273;171;8240;238;7580;329;7548;130;7051;0;0;155;6665;69;6580;95;6611;237;6307;372;5969;385;5902;496;5945;188;5346;164;5211;389;5504;129;5081;139;4487;79;3495;157;3057;36;2463;67;2280;118;2287;63;2183;92;2162;84;1974;77;1916;23;1683;24;1568;57;1577;58;1414;36;1375;24;1104;67;994;46;850;42;608;35;202;8;136;15;98;34;118;7;67;3;25;5;21;1;18;0;0;0;0;0;0;0;0;0;0;0;0;0;0
2026-06-29T05:00:00+02:00;2026-06-29T03:00:07+02:00;626;47875;72;9946;273;9769;181;8699;279;7915;403;8131;154;7303;0;0;178;6922;89;6797;115;6920;262;6506;431;6555;432;6522;586;7129;213;5621;174;5373;461;6069;148;5471;146;4661;87;3581;174;3234;65;2636;74;2486;135;2505;77;2254;101;2292;98;2026;87;1978;27;1717;24;1584;61;1650;62;1447;38;1385;25;1157;80;1155;46;886;45;657;37;213;8;159;16;127;49;209;9;79;3;28;6;40;1;18;0;0;0;0;0;0;0;0;0;0;0;0;0;0
2026-07-11T05:00:00+02:00;2026-07-11T03:00:01+02:00;828;52468;92;10251;358;10899;281;9924;347;8745;682;10413;180;7890;30;1;247;7980;119;7455;163;7522;340;7633;542;8075;540;7911;739;9378;305;6534;437;6636;638;7852;214;6548;183;5145;126;4029;224;3697;81;3009;89;2952;192;3354;88;2513;124;2610;168;2562;150;2498;77;2033;25;1649;82;1926;362;2664;54;1598;41;1436;92;1407;60;1259;51;892;55;339;12;247;24;182;94;433;11;93;3;48;14;109;1;19;0;0;0;0;0;0;0;0;0;0;0;0;0;0
2026-07-15T05:00:00+02:00;2026-07-15T03:00:00+02:00;838;53312;92;10369;361;11147;290;10514;351;8865;696;10836;188;7991;30;1;253;8120;122;7494;172;7667;341;7714;550;8406;546;8097;747;9751;307;6628;451;6868;644;8136;222;6691;185;5212;128;4068;226;3807;82;3051;91;3033;194;3415;89;2561;124;2615;179;2818;151;2529;78;2058;25;1662;83;2001;388;2805;54;1601;41;1468;92;1418;62;1289;52;908;55;342;13;254;24;191;98;446;11;94;3;48;15;117;1;19;0;0;0;0;0;0;0;0;0;0;0;0;0;0
2026-07-20T05:00:00+02:00;2026-07-20T03:00:01+02:00;867;54791;94;10515;371;11404;314;10907;355;9048;743;11426;189;8057;30;1;270;8242;127;7618;177;7789;344;7890;564;8672;561;8359;770;10269;311;6710;480;7139;652;8405;236;6944;188;5401;133;4143;232;3942;82;3134;92;3159;198;3570;89;2583;127;2669;184;2987;155;2618;81;2110;25;1680;85;2047;419;3066;54;1627;44;1529;93;1463;76;1423;52;923;56;361;14;273;24;192;101;478;11;95;3;48;17;141;1;19;0;0;0;0;0;0;0;0;0;0;0;0;0;0
2026-07-25T05:00:00+02:00;2026-07-25T03:00:00+02:00;897;56822;96;10609;376;11533;329;11192;361;9240;792;12063;193;8132;30;1;280;8427;131;7700;181;7876;347;8173;575;8941;579;8638;778;10691;313;6839;503;7438;670;8840;245;7161;246;5792;138;4211;239;4077;88;3253;93;3209;201;3764;93;2620;127;2679;191;3260;159;2664;85;2174;25;1770;87;2093;438;3279;58;1673;48;1618;93;1513;84;1659;52;958;56;370;14;282;24;194;107;516;12;98;3;48;18;149;1;19;0;0;0;0;0;0;0;0;0;0;0;0;0;0
2026-07-30T05:00:00+02:00;2026-07-30T03:00:00+02:00;915;58169;96;10707;378;11601;341;11353;362;9336;830;12344;195;8286;30;1;284;8506;132;7718;185;7985;350;8220;582;9138;583;8854;784;10978;316;7000;516;7693;673;8994;247;7311;279;6003;139;4228;240;4140;88;3303;93;3281;201;3783;94;2624;127;2708;195;3402;161;2676;85;2198;25;1811;87;2107;458;3378;58;1692;48;1652;96;1571;88;1833;52;1000;56;371;15;292;24;194;124;718;13;101;3;48;19;163;1;22;0;0;0;0;0;0;0;0;0;0;0;0;0;0
2026-08-08T05:00:00+02:00;2026-08-08T03:00:00+02:00;934;61015;97;10892;379;11657;352;11643;368;9536;873;12877;199;8531;30;1;288;8585;137;8015;189;8090;356;8293;588;9378;593;9107;794;11517;318;7131;534;7983;682;9319;249;7392;307;6273;148;4416;242;4335;89;3307;96;3556;202;3801;95;2629;127;2713;198;3503;165;2703;86;2217;25;1830;87;2109;488;3505;61;1711;51;1693;97;1686;93;2100;53;1106;57;381;15;306;27;225;151;1157;21;122;3;48;21;204;1;23;0;0;0;0;0;0;0;0;0;0;0;0;0;0
2026-08-09T05:00:00+02:00;2026-08-09T03:00:00+02:00;934;61045;97;10892;380;11659;353;11660;369;9550;874;12884;199;8562;30;1;288;8595;138;8027;189;8091;356;8295;588;9378;595;9127;794;11525;318;7131;534;8036;682;9406;249;7392;309;6302;148;4424;242;4352;89;3307;97;3566;202;3801;95;2629;127;2713;199;3505;165;2703;87;2220;25;1833;87;2109;488;3505;61;1711;51;1693;97;1688;93;2100;53;1122;57;381;15;306;27;225;154;1160;21;122;3;48;21;204;1;23;0;0;0;0;0;0;0;0;0;0;0;0;0;0
2026-08-12T05:00:00+02:00;2026-08-12T03:00:00+02:00;936;61656;97;10951;382;11710;356;11726;369;9574;876;12925;201;8621;30;1;290;8627;145;8154;189;8107;357;8351;590;9469;597;9277;795;11646;318;7177;541;8202;683;9566;250;7411;312;6348;148;4496;242;4452;89;3307;97;3601;202;3803;96;2635;127;2715;199;3537;166;2713;87;2223;25;1833;87;2112;501;3591;62;1727;51;1708;97;1726;99;2177;54;1142;57;381;15;306;27;231;156;1244;22;134;3;48;21;204;1;23;0;0;0;0;0;0;0;0;0;0;0;0;0;0
2026-08-21T05:00:00+02:00;2026-08-21T03:00:00+02:00;950;63291;98;11097;396;12050;369;12141;379;9846;898;13257;212;9055;30;1;297;8749;197;8845;192;8294;363;8697;596;9812;610;9619;809;12185;326;7476;577;8707;698;9898;263;7634;342;6700;153;4601;248;4617;91;3333;99;3726;205;3921;97;2657;129;2852;204;4019;170;2809;92;2277;25;1853;90;2145;550;3910;62;1743;53;1722;98;1860;99;2438;55;1298;58;398;15;310;27;254;166;1361;23;163;3;48;21;235;1;23;0;0;0;0;0;0;0;0;0;0;0;0;0;0
2026-08-22T05:00:00+02:00;2026-08-22T03:00:00+02:00;953;63508;98;11138;397;12143;374;12196;389;9947;901;13301;213;9073;30;1;298;8789;201;8961;193;8313;363;8756;602;9883;613;9667;814;12317;327;7578;584;8755;698;9898;263;7688;345;6808;155;4645;249;4641;91;3361;100;3781;205;3939;98;2660;129;2871;205;4068;171;2824;93;2284;25;1863;92;2161;563;4039;63;1745;54;1728;98;1884;99;2442;56;1323;58;398;15;312;28;257;169;1390;23;163;3;48;21;237;1;23;0;0;0;0;0;0;0;0;0;0;0;0;0;0
2026-08-31T05:00:00+02:00;2026-08-31T03:00:00+02:00;966;65296;102;11367;421;12991;421;12928;473;10602;938;13926;230;9418;30;1;330;9225;245;9877;208;8623;395;9280;641;10770;636;10193;878;13606;336;7897;658;9682;698;9898;296;8188;427;7555;172;4860;286;5043;97;3514;106;4039;217;4187;111;2923;138;2951;221;4342;197;3074;101;2348;25;1914;93;2259;666;4982;65;1778;55;1789;101;1999;103;2701;59;1521;59;418;16;337;38;301;211;1789;24;169;3;48;28;280;1;30;0;0;0;0;0;0;0;0;0;0;0;0;0;0
2026-09-03T05:00:00+02:00;2026-09-03T03:00:00+02:00;975;66310;105;11443;446;13409;453;13299;548;11006;961;14285;249;9586;30;1;353;9511;271;10442;228;8802;416;9522;659;11115;662;10478;929;14351;344;8066;704;10154;698;9900;316;8475;454;7989;187;5036;312;5323;104;3585;112;4153;226;4404;116;3004;142;3013;231;4550;209;3205;108;2417;25;1932;97;2308;725;5481;71;1880;56;1831;103;2092;106;2808;59;1620;61;439;16;352;38;312;228;1918;26;177;3;49;31;299;1;36;0;0;0;0;0;0;0;0;0;0;0;0;0;0
2026-09-14T05:00:00+02:00;2026-09-14T03:00:01+02:00;1009;68846;112;11918;527;14582;522;14381;727;12636;1031;15284;305;10429;30;1;436;10527;321;11775;269;9543;461;10343;758;12451;733;11493;1017;16154;376;8749;825;11684;698;9900;375;9397;567;9471;238;5470;367;5987;113;3848;134;4560;252;4925;155;3469;147;3186;285;5456;255;3661;119;2570;27;1975;130;2519;858;6663;76;2043;59;1880;108;2236;113;3170;63;1764;67;526;16;384;41;334;268;2144;37;202;4;50;146;757;1;42;4493;59;3053;5;116;3;48;4;16;1;4;1;2;22
2026-09-17T05:00:00+02:00;2026-09-17T03:00:01+02:00;1019;69856;113;11984;555;15016;550;14749;785;13312;1032;15310;327;10749;30;1;472;10999;343;12206;295;9764;477;10620;786;12919;748;11823;1050;16961;387;8959;858;12181;698;9900;403;9765;595;9782;265;5675;380;6197;114;4032;138;4783;260;5163;167;3592;155;3266;308;5719;276;3796;122;2628;27;1979;138;2597;916;7130;76;2103;59;1880;110;2304;117;3308;64;1855;69;549;17;389;41;343;281;2216;37;210;4;50;214;1210;1;43;4526;59;3066;5;116;3;58;4;20;1;4;1;2;22
2026-09-25T05:00:00+02:00;2026-09-25T03:00:01+02:00;1039;71981;116;12234;605;16092;663;15685;931;14967;1169;16586;413;11742;30;1;534;12030;408;13132;330;10477;510;11281;843;14037;788;12630;1169;18747;439;9625;951;13441;723;10142;456;10781;679;10778;310;6280;415;6722;120;4327;153;5189;275;5677;201;4006;163;3418;341;6619;330;4210;134;2765;30;2026;153;2762;1018;8287;84;2194;59;1880;116;2497;129;3593;74;2049;98;708;17;403;47;394;308;2333;39;313;4;51;264;1947;1;49;4568;72;3135;5;117;3;64;4;20;1;4;4;19;22
2026-09-26T05:00:00+02:00;2026-09-26T03:00:02+02:00;1042;72375;116;12273;616;16208;688;15859;950;15155;1177;16760;419;11852;30;1;540;12134;411;13289;332;10563;512;11353;851;14153;791;12730;1184;18961;446;9729;957;13600;728;10181;463;10889;682;10911;316;6347;419;6765;120;4348;154;5210;277;5737;209;4053;165;3440;350;6723;337;4272;135;2790;32;2036;156;2781;1033;8419;84;2215;59;1880;116;2501;143;3667;74;2093;98;728;17;418;47;410;313;2380;39;324;4;51;267;2064;1;49;4584;72;3151;5;117;3;64;4;20;1;4;4;30;22
2026-09-28T05:00:00+02:00;2026-09-28T03:00:02+02:00;1042;72450;116;12302;620;16450;701;16125;957;15309;1183;16895;423;11949;30;1;544;12373;413;13372;332;10750;513;11438;860;14379;795;12892;1187;19241;449;9858;960;13792;729;10271;466;11077;683;11165;317;6463;424;6920;120;4348;157;5276;278;5764;209;4159;167;3454;358;6936;341;4367;135;2796;32;2041;158;2792;1042;8486;86;2234;59;1880;116;2532;145;3730;74;2118;109;784;17;418;47;417;314;2383;39;325;4;51;268;2075;1;49;4584;72;3151;5;117;3;64;4;20;1;4;4;30;22
2026-06-30T05:00:00+02:00;2026-06-30T03:00:01+02:00;642;48191;72;9989;284;9923;185;8790;293;8057;406;8278;157;7352;0;0;190;7074;92;6878;116;6974;271;6614;439;6674;451;6742;620;7354;223;5725;190;5449;526;6323;151;5542;153;4707;91;3609;185;3290;71;2726;75;2531;141;2584;78;2286;101;2332;105;2050;96;2039;31;1722;24;1598;64;1688;67;1464;47;1480;27;1168;86;1195;50;958;45;664;37;219;8;162;17;139;55;249;9;81;3;28;7;44;1;18;0;0;0;0;0;0;0;0;0;0;0;0;0;0
2026-07-01T05:00:00+02:00;2026-07-01T03:00:01+02:00;655;48565;72;10015;302;10060;197;8915;315;8132;415;8429;160;7445;0;0;198;7194;94;6951;125;7028;274;6709;458;6858;465;6900;638;7639;232;5818;247;5586;546;6585;153;5663;159;4746;93;3627;195;3365;73;2775;75;2570;145;2684;79;2317;108;2383;105;2058;100;2073;31;1731;24;1605;69;1737;121;1604;51;1513;28;1185;87;1240;53;993;45;669;46;241;9;175;19;143;57;250;9;82;3;28;10;54;1;18;0;0;0;0;0;0;0;0;0;0;0;0;0;0
2026-07-08T05:00:00+02:00;2026-07-08T03:00:01+02:00;704;50993;84;10163;346;10638;252;9555;335;8569;614;9678;170;7728;30;1;235;7672;111;7212;144;7301;330;7342;512;7648;517;7634;702;8872;293;6348;415;6384;620;7472;191;6309;176;4946;116;3899;215;3593;81;2950;83;2857;177;3145;84;2454;119;2527;136;2244;129;2337;65;1934;24;1638;78;1885;317;2440;54;1572;40;1360;91;1362;57;1150;49;790;50;295;9;208;21;173;80;351;10;90;3;48;13;96;1;19;0;0;0;0;0;0;0;0;0;0;0;0;0;0
2026-07-13T05:00:00+02:00;2026-07-13T03:00:04+02:00;828;52628;92;10267;358;11026;285;10195;350;8814;689;10533;183;7928;30;1;249;8055;119;7456;167;7551;341;7640;544;8139;541;7966;741;9581;307;6578;441;6674;641;8036;216;6580;184;5152;126;4052;224;3708;81;3012;89;2983;193;3381;89;2514;124;2610;174;2753;150;2505;77;2034;25;1649;83;1973;371;2704;54;1598;41;1439;92;1407;60;1259;52;904;55;340;12;249;24;186;95;434;11;93;3;48;14;109;1;19;0;0;0;0;0;0;0;0;0;0;0;0;0;0
2026-07-18T05:00:00+02:00;2026-07-18T03:00:02+02:00;867;54622;94;10486;370;11352;312;10887;355;9018;738;11328;189;8046;30;1;267;8225;127;7614;177;7784;343;7871;563;8651;560;8313;768;10208;310;6687;478;7118;651;8372;235;6916;188;5381;133;4112;230;3916;82;3127;92;3128;197;3557;89;2583;127;2669;184;2952;155;2613;81;2108;25;1680;85;2044;415;2967;54;1627;44;1529;93;1445;76;1397;52;919;56;361;14;273;24;192;101;478;11;95;3;48;17;139;1;19;0;0;0;0;0;0;0;0;0;0;0;0;0;0
2026-07-19T05:00:00+02:00;2026-07-19T03:00:01+02:00;867;54671;94;10501;370;11370;313;10892;355;9019;741;11381;189;8046;30;1;267;8229;127;7617;177;7784;343;7878;563;8656;561;8322;769;10237;311;6703;478;7130;652;8383;235;6921;188;5401;133;4132;232;3933;82;3134;92;3132;198;3566;89;2583;127;2669;184;2962;155;2618;81;2109;25;1680;85;2044;416;2979;54;1627;44;1529;93;1460;76;1400;52;923;56;361;14;273;24;192;101;478;11;95;3;48;17;139;1;19;0;0;0;0;0;0;0;0;0;0;0;0;0;0
2026-07-23T05:00:00+02:00;2026-07-23T03:00:01+02:00;893;55978;96;10569;374;11506;325;11108;359;9155;775;11884;190;8086;30;1;276;8361;129;7655;181;7854;346;8034;572;8808;573;8571;776;10566;313;6807;494;7323;663;8651;243;7037;226;5669;137;4195;237;4038;87;3227;92;3179;199;3689;93;2605;127;2679;189;3161;157;2639;84;2135;25;1741;87;2083;433;3197;57;1660;47;1588;93;1476;80;1571;52;941;56;370;14;279;24;194;102;481;12;98;3;48;18;147;1;19;0;0;0;0;0;0;0;0;0;0;0;0;0;0
2026-08-01T05:00:00+02:00;2026-08-01T03:00:00+02:00;923;58987;97;10754;378;11612;345;11424;364;9393;844;12454;197;8372;30;1;286;8510;133;7743;185;8000;351;8246;585;9240;587;8933;788;11084;318;7030;524;7827;678;9095;249;7373;291;6071;141;4328;240;4176;89;3305;95;3477;201;3784;94;2626;127;2708;196;3425;162;2685;85;2201;25;1822;87;2107;467;3417;59;1695;50;1672;96;1605;89;1893;52;1024;56;376;15;300;25;218;135;924;16;111;3;48;21;168;1;23;0;0;0;0;0;0;0;0;0;0;0;0;0;0
2026-08-03T05:00:00+02:00;2026-08-03T03:00:00+02:00;923;59113;97;10756;378;11618;349;11451;365;9435;848;12530;199;8416;30;1;287;8512;133;7745;187;8036;353;8260;586;9258;589;8983;789;11237;318;7051;526;7844;680;9145;249;7383;294;6086;143;4336;240;4204;89;3305;95;3488;201;3784;94;2626;127;2708;196;3448;164;2689;85;2201;25;1822;87;2107;470;3448;59;1697;50;1672;97;1606;89;1913;52;1026;56;376;15;300;26;220;137;966;16;111;3;48;21;169;1;23;0;0;0;0;0;0;0;0;0;0;0;0;0;0
2026-08-04T05:00:00+02:00;2026-08-04T03:00:00+02:00;923;59456;97;10766;378;11618;351;11562;365;9439;857;12628;199;8449;30;1;287;8523;134;7799;188;8071;354;8266;586;9281;592;8992;792;11314;318;7071;526;7870;680;9238;249;7386;297;6111;144;4353;242;4227;89;3305;95;3498;202;3798;94;2628;127;2708;196;3451;164;2689;85;2204;25;1822;87;2107;473;3453;60;1697;50;1672;97;1621;89;1937;52;1044;56;376;15;302;26;224;141;1082;17;113;3;48;21;190;1;23;0;0;0;0;0;0;0;0;0;0;0;0;0;0
2026-08-10T05:00:00+02:00;2026-08-10T03:00:00+02:00;934;61080;97;10899;380;11659;353;11678;369;9550;874;12884;199;8571;30;1;289;8603;138;8036;189;8093;356;8307;589;9392;595;9209;794;11575;318;7143;535;8078;682;9425;250;7399;310;6330;148;4433;242;4382;89;3307;97;3568;202;3801;95;2629;127;2713;199;3512;166;2709;87;2220;25;1833;87;2109;493;3526;61;1713;51;1693;97;1693;94;2113;53;1122;57;381;15;306;27;225;154;1160;21;122;3;48;21;204;1;23;0;0;0;0;0;0;0;0;0;0;0;0;0;0
2026-08-13T05:00:00+02:00;2026-08-13T03:00:00+02:00;939;61884;97;10970;382;11713;357;11738;369;9588;876;12943;201;8654;30;1;291;8633;155;8259;189;8123;357;8363;590;9483;597;9338;795;11674;318;7179;542;8228;683;9600;251;7416;314;6371;148;4505;242;4470;90;3308;97;3607;202;3804;96;2645;127;2718;200;3580;166;2723;88;2229;25;1833;87;2117;501;3597;62;1728;51;1708;97;1733;99;2293;54;1153;57;381;15;306;27;232;157;1284;22;159;3;48;21;206;1;23;0;0;0;0;0;0;0;0;0;0;0;0;0;0
2026-08-20T05:00:00+02:00;2026-08-20T03:00:00+02:00;949;63051;98;11062;393;11984;367;12053;375;9783;894;13187;210;8971;30;1;297;8737;190;8763;192;8283;361;8673;595;9747;608;9576;805;12107;324;7389;572;8656;697;9890;256;7542;337;6642;151;4589;247;4567;91;3317;98;3693;204;3900;97;2657;129;2768;203;3995;170;2781;92;2268;25;1850;90;2139;536;3822;62;1738;53;1722;98;1834;99;2430;55;1244;57;393;15;310;27;252;164;1337;23;163;3;48;21;230;1;23;0;0;0;0;0;0;0;0;0;0;0;0;0;0
2026-08-27T05:00:00+02:00;2026-08-27T03:00:00+02:00;959;64529;101;11293;408;12575;398;12588;425;10227;923;13589;217;9241;30;1;313;9050;225;9347;200;8473;376;9024;622;10358;626;9954;845;12989;330;7682;621;9176;698;9898;282;7947;385;7164;165;4788;265;4872;93;3432;101;3951;212;4047;104;2789;136;2925;213;4203;179;2941;95;2301;25;1900;92;2231;618;4550;63;1761;55;1755;99;1948;101;2587;56;1443;59;412;15;324;30;271;191;1680;23;168;3;48;27;268;1;23;0;0;0;0;0;0;0;0;0;0;0;0;0;0
2026-08-30T05:00:00+02:00;2026-08-30T03:00:01+02:00;966;65271;101;11363;418;12903;416;12868;454;10500;938;13906;228;9396;30;1;327;9184;242;9793;204;8581;389;9201;637;10671;633;10123;867;13455;335;7859;646;9552;698;9898;291;8088;420;7444;171;4852;279;4984;96;3493;104;4012;214;4149;110;2889;138;2948;218;4290;194;3052;101;2348;25;1914;93;2252;656;4834;65;1777;55;1788;100;1990;103;2652;57;1498;59;416;16;337;37;299;208;1771;24;169;3;48;28;280;1;26;0;0;0;0;0;0;0;0;0;0;0;0;0;0
2026-09-01T05:00:00+02:00;2026-09-01T03:00:00+02:00;972;65627;102;11405;429;13115;437;13069;496;10702;941;14066;237;9474;30;1;333;9299;254;10044;222;8697;401;9341;646;10866;644;10268;891;13763;339;7942;671;9790;698;9898;302;8278;432;7701;182;4946;293;5148;98;3529;107;4063;218;4240;111;2934;139;2974;224;4394;201;3111;103;2374;25;1923;94;2273;688;5164;67;1808;55;1806;102;2043;105;2739;59;1551;61;428;16;338;38;303;217;1865;25;173;3;49;28;282;1;32;0;0;0;0;0;0;0;0;0;0;0;0;0;0
2026-10-01T05:00:00+02:00;2026-10-01T03:00:01+02:00;1057;73418;118;12385;641;16945;746;16704;1019;16073;1254;17807;449;12396;30;1;567;12768;441;13898;348;10993;523;11722;902;14980;809;13170;1232;20123;469;10128;1014;14348;743;10383;492;11567;712;11615;339;6698;439;7183;122;4471;161;5387;279;6068;224;4302;168;3555;380;7278;366;4656;141;2850;34;2062;161;2876;1082;9035;88;2307;59;1880;117;2601;150;3917;74;2198;115;883;17;431;49;431;320;2395;39;331;4;51;281;2406;1;49;4626;73;3180;5;118;3;64;4;20;1;4;4;32;22
2026-06-27T05:00:00+02:00;2026-06-27T03:00:01+02:00;623;47652;72;9917;253;9523;178;8509;258;7817;379;7894;140;7204;0;0;166;6765;82;6740;101;6788;254;6450;414;6362;406;6252;539;6553;195;5515;171;5310;429;5865;137;5257;141;4633;82;3554;166;3196;38;2531;69;2384;127;2463;75;2252;97;2281;89;2005;81;1952;26;1710;24;1582;60;1639;61;1443;38;1385;24;1150;79;1118;46;871;43;643;35;205;8;159;16;112;41;139;9;79;3;25;6;40;1;18;0;0;0;0;0;0;0;0;0;0;0;0;0;0
2026-07-03T05:00:00+02:00;2026-07-03T03:00:01+02:00;675;49432;72;10067;321;10261;211;9096;319;8293;442;8679;162;7525;0;0;207;7314;98;7052;127;7085;280;6838;476;7212;486;7171;658;8070;241;5939;284;5788;566;6896;157;5862;164;4823;96;3693;197;3413;75;2836;75;2640;152;2768;80;2340;111;2444;118;2149;107;2183;36;1782;24;1610;71;1766;180;1872;52;1546;30;1242;87;1275;55;1053;47;728;46;259;9;195;19;154;61;293;9;86;3;46;11;72;1;19;0;0;0;0;0;0;0;0;0;0;0;0;0;0
2026-07-06T10:54:00+02:00;2026-07-06T08:54:07+02:00;687;50106;81;10128;338;10448;229;9313;327;8434;556;9226;165;7650;30;1;221;7506;104;7125;135;7207;314;6999;499;7427;504;7398;692;8478;286;6185;376;6116;597;7229;167;6105;168;4867;102;3727;210;3498;78;2888;81;2796;156;2857;83;2415;115;2475;126;2186;118;2251;39;1854;24;1627;77;1851;267;2171;53;1561;38;1300;89;1327;55;1096;48;745;49;287;9;204;20;161;76;341;9;86;3;46;12;78;1;19;0;0;0;0;0;0;0;0;0;0;0;0;0;0
2026-07-14T05:00:00+02:00;2026-07-14T03:00:01+02:00;834;53187;92;10366;360;11120;287;10376;350;8855;690;10724;185;7964;30;1;250;8096;120;7487;171;7623;341;7708;545;8251;542;8031;742;9650;307;6606;447;6775;643;8108;217;6637;185;5210;126;4061;224;3785;81;3039;89;3025;193;3404;89;2557;124;2615;176;2799;151;2519;78;2053;25;1652;83;1987;381;2779;54;1601;41;1468;92;1415;61;1264;52;908;55;340;12;251;24;187;95;434;11;94;3;48;15;117;1;19;0;0;0;0;0;0;0;0;0;0;0;0;0;0
2026-07-17T05:00:00+02:00;2026-07-17T03:00:01+02:00;860;54234;93;10454;369;11297;308;10846;354;8962;719;11097;189;8029;30;1;267;8190;124;7568;175;7747;343;7843;560;8599;554;8238;760;10018;310;6682;472;7020;648;8305;230;6875;187;5320;133;4101;228;3878;82;3101;91;3090;197;3541;89;2574;127;2644;183;2911;155;2592;78;2079;25;1675;85;2033;409;2916;54;1616;42;1521;93;1429;70;1373;52;910;56;361;14;271;24;192;101;478;11;95;3;48;15;122;1;19;0;0;0;0;0;0;0;0;0;0;0;0;0;0
2026-07-28T05:00:00+02:00;2026-07-28T03:00:00+02:00;902;57315;96;10649;377;11572;335;11290;361;9271;809;12221;194;8225;30;1;284;8493;132;7711;184;7958;348;8216;576;8977;581;8716;782;10867;313;6946;506;7493;673;8948;245;7168;264;5923;139;4221;239;4117;88;3273;93;3215;201;3781;93;2621;127;2705;194;3366;160;2666;85;2184;25;1786;87;2107;443;3311;58;1680;48;1628;93;1517;84;1730;52;967;56;371;14;290;24;194;110;524;12;100;3;48;18;152;1;22;0;0;0;0;0;0;0;0;0;0;0;0;0;0
2026-07-29T05:00:00+02:00;2026-07-29T03:00:00+02:00;911;57734;96;10664;378;11588;338;11322;362;9303;819;12266;194;8258;30;1;284;8506;132;7716;184;7972;350;8220;580;9050;583;8822;784;10937;314;6961;510;7593;673;8968;245;7184;274;5959;139;4225;239;4134;88;3291;93;3235;201;3783;94;2622;127;2706;194;3385;160;2670;85;2195;25;1802;87;2107;449;3350;58;1691;48;1640;95;1546;87;1786;52;975;56;371;15;292;24;194;121;693;12;100;3;48;18;157;1;22;0;0;0;0;0;0;0;0;0;0;0;0;0;0
2026-08-06T05:00:00+02:00;2026-08-06T03:00:00+02:00;928;60170;97;10822;378;11637;351;11595;368;9505;866;12744;199;8482;30;1;287;8545;135;7911;189;8083;356;8278;588;9320;593;9029;792;11413;318;7100;530;7922;681;9277;249;7391;300;6195;146;4394;242;4274;89;3307;96;3551;202;3801;94;2628;127;2709;197;3489;165;2699;85;2206;25;1828;87;2109;483;3496;60;1708;50;1675;97;1672;92;2032;52;1092;57;377;15;304;27;225;145;1138;20;117;3;48;21;191;1;23;0;0;0;0;0;0;0;0;0;0;0;0;0;0
2026-08-14T05:00:00+02:00;2026-08-14T03:00:00+02:00;943;62108;97;10985;382;11736;359;11763;369;9601;877;12997;203;8725;30;1;292;8637;159;8355;189;8135;357;8373;590;9485;598;9387;796;11713;319;7198;544;8239;684;9656;251;7424;318;6405;148;4509;243;4477;90;3308;97;3649;203;3810;96;2645;127;2722;200;3653;166;2733;88;2229;25;1833;87;2119;503;3612;62;1729;51;1713;97;1755;99;2350;54;1189;57;381;15;306;27;232;157;1284;22;159;3;48;21;218;1;23;0;0;0;0;0;0;0;0;0;0;0;0;0;0
2026-08-16T05:00:00+02:00;2026-08-16T03:00:00+02:00;943;62361;97;11030;383;11756;363;11822;369;9608;877;13014;204;8747;30;1;292;8654;165;8437;190;8160;358;8397;590;9561;599;9419;799;11807;322;7218;551;8399;686;9695;253;7451;321;6454;149;4538;243;4500;91;3309;97;3659;204;3839;96;2645;127;2722;202;3804;166;2733;88;2231;25;1833;88;2120;507;3631;62;1729;51;1715;97;1762;99;2354;54;1208;57;381;15;306;27;235;157;1284;22;159;3;48;21;221;1;23;0;0;0;0;0;0;0;0;0;0;0;0;0;0
2026-08-18T05:00:00+02:00;2026-08-18T03:00:00+02:00;944;62649;97;11033;387;11827;364;11902;369;9648;885;13073;208;8825;30;1;293;8687;171;8579;192;8190;358;8445;592;9605;604;9511;800;11928;323;7272;558;8508;693;9767;254;7494;327;6525;150;4563;243;4517;91;3309;97;3674;204;3846;96;2650;129;2745;202;3904;166;2737;89;2233;25;1850;88;2126;515;3681;62;1738;52;1716;97;1778;99;2371;54;1208;57;392;15;309;27;241;159;1328;22;161;3;48;21;223;1;23;0;0;0;0;0;0;0;0;0;0;0;0;0;0
2026-08-19T05:00:00+02:00;2026-08-19T03:00:00+02:00;949;62824;98;11048;387;11895;364;11974;370;9691;892;13140;209;8916;30;1;296;8712;180;8696;192;8233;358;8612;595;9725;606;9538;803;12001;324;7300;565;8573;696;9837;255;7520;331;6589;151;4572;245;4538;91;3309;97;3679;204;3867;96;2653;129;2753;203;3940;167;2745;90;2263;25;1850;88;2126;527;3721;62;1738;53;1717;98;1812;99;2376;54;1213;57;393;15;309;27;241;162;1334;23;163;3;48;21;227;1;23;0;0;0;0;0;0;0;0;0;0;0;0;0;0
2026-08-28T05:00:00+02:00;2026-08-28T03:00:00+02:00;962;64850;101;11316;409;12649;408;12709;438;10332;928;13732;219;9297;30;1;315;9088;232;9556;202;8524;384;9120;625;10469;628;10048;851;13123;331;7715;628;9312;698;9898;284;8005;392;7245;166;4812;271;4902;94;3449;103;3993;213;4075;107;2838;136;2932;216;4238;181;2976;95;2305;25;1901;93;2245;634;4691;64;1769;55;1774;99;1969;101;2617;56;1468;59;413;15;331;30;271;195;1692;24;169;3;48;28;275;1;23;0;0;0;0;0;0;0;0;0;0;0;0;0;0
2026-09-02T05:00:00+02:00;2026-09-02T03:00:00+02:00;973;65984;102;11417;435;13231;441;13175;519;10856;952;14170;242;9522;30;1;338;9377;263;10202;226;8749;408;9453;652;10995;659;10357;912;14010;343;8001;678;9969;698;9900;309;8357;442;7827;185;4989;300;5239;100;3564;109;4112;221;4323;115;2970;140;2979;229;4487;206;3163;104;2402;25;1932;97;2299;707;5323;69;1836;55;1813;102;2068;105;2761;59;1608;61;433;16;346;38;310;224;1904;26;177;3;49;29;289;1;36;0;0;0;0;0;0;0;0;0;0;0;0;0;0
2026-09-04T05:00:00+02:00;2026-09-04T03:00:04+02:00;981;66680;106;11461;452;13537;463;13386;569;11117;966;14432;249;9640;30;1;362;9579;280;10651;234;8868;424;9641;665;11251;667;10558;939;14578;345;8106;714;10294;698;9900;321;8545;464;8134;191;5064;314;5363;105;3625;114;4187;230;4452;119;3048;142;3048;240;4616;212;3262;108;2432;25;1932;101;2327;736;5621;73;1897;57;1843;103;2113;106;2854;59;1636;63;459;16;359;38;313;231;1931;27;179;3;50;33;312;1;37;0;0;0;0;0;0;0;0;0;0;0;0;0;0
2026-09-16T05:00:00+02:00;2026-09-16T03:00:01+02:00;1017;69533;113;11968;538;14876;542;14647;765;13073;1031;15286;318;10677;30;1;461;10850;340;12072;281;9697;472;10521;769;12735;744;11728;1034;16690;383;8892;850;11995;698;9900;394;9635;586;9657;256;5615;373;6109;114;3970;135;4698;259;5103;161;3545;153;3229;296;5616;265;3758;120;2603;27;1978;136;2575;902;6968;76;2081;59;1880;110;2282;116;3286;63;1814;69;546;17;386;41;342;274;2161;37;205;4;50;200;1025;1;43;4516;59;3057;5;116;3;49;4;20;1;4;1;2;22
;2026-06-23T17:47:58+02:00;538;46124;72;9795;180;9084;165;8151;225;7431;290;7249;122;6952;0;0;149;6578;68;6534;93;6530;198;6116;340;5712;311;5520;382;5458;171;5192;148;5070;317;5129;126;4964;131;4420;78;3468;146;2986;36;2388;66;2241;99;2178;61;2130;89;2126;83;1958;72;1879;22;1673;22;1551;56;1556;57;1398;33;1353;24;1090;45;867;44;800;38;547;24;174;8;119;15;97;26;79;6;65;2;24;5;21;1;18;0;0;0;0;0;0;0;0;0;0;0;0;0;0
2026-07-02T05:00:00+02:00;2026-07-02T03:00:01+02:00;670;49025;72;10055;316;10163;206;9023;317;8209;433;8532;161;7491;0;0;204;7272;97;6991;126;7061;279;6759;465;7049;477;7004;652;7855;240;5902;269;5678;558;6763;156;5773;163;4799;96;3669;196;3390;73;2796;75;2625;150;2725;80;2329;110;2417;114;2092;106;2132;34;1740;24;1605;70;1745;160;1742;52;1538;29;1223;87;1256;54;1024;46;685;46;250;9;181;19;148;59;266;9;86;3;28;10;60;1;19;0;0;0;0;0;0;0;0;0;0;0;0;0;0
2026-07-12T05:00:00+02:00;2026-07-12T03:00:01+02:00;828;52569;92;10266;358;10968;284;10121;349;8787;688;10476;183;7919;30;1;249;8018;119;7456;165;7536;341;7638;544;8115;540;7943;741;9459;306;6569;440;6665;639;7975;216;6566;184;5148;126;4040;224;3698;81;3009;89;2954;192;3369;89;2514;124;2610;172;2660;150;2498;77;2033;25;1649;83;1947;368;2683;54;1598;41;1437;92;1407;60;1259;52;904;55;339;12;247;24;182;95;434;11;93;3;48;14;109;1;19;0;0;0;0;0;0;0;0;0;0;0;0;0;0
2026-07-16T05:00:00+02:00;2026-07-16T03:00:01+02:00;849;53779;92;10410;367;11227;302;10653;352;8907;711;10991;188;8021;30;1;261;8159;123;7528;173;7718;343;7776;555;8528;549;8177;756;9934;310;6667;456;6930;647;8213;227;6811;185;5284;130;4085;226;3831;82;3077;91;3062;197;3460;89;2568;126;2630;182;2878;154;2580;78;2074;25;1669;85;2013;403;2860;54;1605;42;1490;92;1425;66;1318;52;909;56;358;13;265;24;192;101;478;11;95;3;48;15;117;1;19;0;0;0;0;0;0;0;0;0;0;0;0;0;0
2026-07-21T05:00:00+02:00;2026-07-21T03:00:00+02:00;870;55092;94;10522;371;11431;316;10933;355;9067;748;11573;189;8066;30;1;271;8270;127;7622;178;7806;344;7943;565;8710;562;8407;773;10365;311;6734;480;7191;654;8479;238;6985;190;5452;134;4170;233;3972;82;3156;92;3162;199;3625;89;2591;127;2670;184;3049;155;2626;82;2117;25;1683;85;2071;422;3132;55;1640;45;1551;93;1472;77;1451;52;925;56;365;14;274;24;192;101;478;11;95;3;48;17;142;1;19;0;0;0;0;0;0;0;0;0;0;0;0;0;0
2026-07-22T05:00:00+02:00;2026-07-22T03:00:00+02:00;887;55526;96;10541;373;11474;322;11063;358;9111;768;11734;190;8081;30;1;273;8288;129;7646;181;7824;346;7995;570;8770;569;8512;775;10479;313;6767;492;7279;659;8557;243;7024;224;5576;137;4190;234;3986;82;3210;92;3174;199;3660;92;2597;127;2673;189;3103;157;2635;84;2130;25;1719;86;2078;431;3171;57;1657;47;1567;93;1476;80;1523;52;931;56;366;14;276;24;192;102;481;12;98;3;48;18;147;1;19;0;0;0;0;0;0;0;0;0;0;0;0;0;0
2026-07-27T05:00:00+02:00;2026-07-27T03:00:00+02:00;897;56925;96;10614;377;11555;334;11234;361;9240;804;12142;194;8200;30;1;282;8474;132;7706;183;7922;348;8187;576;8958;581;8659;780;10782;313;6936;503;7439;673;8924;245;7168;262;5890;139;4221;239;4095;88;3260;93;3213;201;3769;93;2621;127;2687;193;3315;159;2664;85;2184;25;1770;87;2105;442;3305;58;1673;48;1620;93;1513;84;1675;52;962;56;371;14;282;24;194;110;524;12;100;3;48;18;149;1;19;0;0;0;0;0;0;0;0;0;0;0;0;0;0
2026-07-31T05:00:00+02:00;2026-07-31T03:00:00+02:00;920;58543;97;10741;378;11609;344;11394;362;9364;839;12402;197;8306;30;1;286;8510;133;7730;185;7994;351;8242;582;9178;586;8925;787;11025;318;7017;522;7776;676;9017;249;7343;288;6037;141;4244;240;4161;89;3305;95;3386;201;3783;94;2626;127;2708;196;3408;162;2682;85;2200;25;1820;87;2107;465;3397;58;1693;49;1661;96;1589;88;1873;52;1005;56;371;15;297;24;194;133;895;16;111;3;48;21;165;1;23;0;0;0;0;0;0;0;0;0;0;0;0;0;0
2026-08-05T05:00:00+02:00;2026-08-05T03:00:00+02:00;925;59813;97;10781;378;11625;351;11582;367;9479;860;12683;199;8450;30;1;287;8541;134;7858;189;8082;355;8271;586;9296;593;9018;792;11357;318;7093;527;7898;681;9261;249;7389;298;6147;145;4363;242;4249;89;3305;96;3524;202;3801;94;2628;127;2708;197;3463;165;2699;85;2204;25;1828;87;2109;478;3475;60;1697;50;1672;97;1654;90;1989;52;1057;56;376;15;304;26;224;143;1098;19;116;3;48;21;191;1;23;0;0;0;0;0;0;0;0;0;0;0;0;0;0
2026-08-11T05:00:00+02:00;2026-08-11T03:00:00+02:00;934;61418;97;10936;380;11694;355;11718;369;9568;875;12904;201;8604;30;1;289;8609;138;8075;189;8107;357;8335;589;9403;595;9243;795;11603;318;7163;537;8139;683;9457;250;7402;311;6336;148;4469;242;4425;89;3307;97;3594;202;3803;96;2630;127;2715;199;3516;166;2713;87;2220;25;1833;87;2109;498;3562;62;1714;51;1708;97;1709;95;2124;53;1141;57;381;15;306;27;226;156;1244;21;122;3;48;21;204;1;23;0;0;0;0;0;0;0;0;0;0;0;0;0;0
2026-08-25T05:00:00+02:00;2026-08-25T03:00:13+02:00;955;63860;99;11214;403;12401;380;12363;401;10040;908;13431;213;9167;30;1;303;8875;209;9118;195;8378;368;8870;609;10140;619;9816;830;12690;328;7612;596;8917;698;9898;274;7806;366;6983;162;4734;255;4716;93;3394;100;3830;209;3996;99;2723;131;2884;208;4120;175;2846;94;2287;25;1888;92;2210;583;4233;63;1750;55;1740;98;1915;100;2503;56;1346;58;403;15;312;29;261;184;1608;23;167;3;48;23;247;1;23;0;0;0;0;0;0;0;0;0;0;0;0;0;0
2026-08-26T05:00:00+02:00;2026-08-26T03:00:02+02:00;959;64156;100;11246;406;12477;391;12473;413;10136;915;13544;214;9198;30;1;311;8996;221;9253;198;8435;374;8933;616;10258;625;9898;836;12823;329;7650;610;9022;698;9898;281;7917;382;7112;162;4763;259;4782;93;3417;100;3908;209;4012;101;2760;132;2909;209;4147;177;2913;95;2291;25;1889;92;2226;600;4399;63;1751;55;1744;98;1939;101;2528;56;1403;58;407;15;312;29;266;189;1671;23;168;3;48;25;256;1;23;0;0;0;0;0;0;0;0;0;0;0;0;0;0
2026-09-10T18:01:00+02:00;2026-09-10T16:01:16+02:00;994;68148;112;11684;510;14287;509;14186;670;12146;1015;15016;290;10174;30;1;406;10186;304;11510;259;9339;451;10099;732;12042;700;11159;986;15596;368;8498;790;11133;698;9900;356;9106;538;9025;227;5372;355;5788;111;3792;130;4459;249;4824;133;3313;147;3157;269;5096;243;3565;116;2513;27;1970;121;2474;809;6354;74;2014;59;1880;106;2197;111;3101;62;1728;66;508;16;371;41;330;260;2125;32;194;4;50;74;444;1;38;4491;59;3050;5;116;3;47;4;16;1;4;1;2;22
2026-09-11T05:00:00+02:00;2026-09-11T03:00:01+02:00;994;68271;112;11702;511;14311;509;14220;670;12194;1019;15080;290;10211;30;1;408;10224;304;11519;259;9370;451;10129;732;12102;702;11209;986;15675;368;8518;792;11196;698;9900;358;9155;539;9093;227;5388;356;5830;111;3804;131;4478;250;4865;133;3328;147;3159;269;5142;244;3588;116;2515;27;1972;123;2489;810;6388;74;2017;59;1880;106;2197;112;3122;62;1741;66;511;16;371;41;330;260;2125;32;194;4;50;75;474;1;38;4493;59;3050;5;116;3;48;4;16;1;4;1;2;22
2026-09-12T05:00:00+02:00;2026-09-12T03:00:01+02:00;997;68647;112;11774;515;14414;516;14299;703;12420;1026;15194;294;10304;30;1;422;10374;312;11666;261;9441;455;10214;744;12225;719;11309;998;15814;371;8631;804;11352;698;9900;361;9279;559;9197;232;5440;359;5880;113;3848;132;4502;251;4902;147;3367;147;3183;275;5255;252;3634;118;2539;27;1974;128;2503;827;6495;74;2025;59;1880;106;2213;112;3136;62;1754;67;522;16;384;41;334;262;2132;32;194;4;50;135;716;1;40;4493;59;3053;5;116;3;48;4;16;1;4;1;2;22
2026-09-13T05:00:00+02:00;2026-09-13T03:00:03+02:00;1009;68792;112;11844;521;14484;520;14342;716;12468;1031;15210;301;10352;30;1;431;10454;319;11714;266;9484;461;10273;752;12314;727;11388;1015;16013;372;8671;821;11552;698;9900;371;9319;562;9251;236;5449;363;5920;113;3848;134;4538;252;4906;153;3389;147;3186;284;5353;254;3646;118;2539;27;1974;130;2514;848;6576;75;2033;59;1880;106;2217;112;3143;62;1759;67;522;16;384;41;334;265;2136;37;202;4;50;146;746;1;42;4493;59;3053;5;116;3;48;4;16;1;4;1;2;22
2026-09-15T05:00:00+02:00;2026-09-15T03:00:01+02:00;1014;69170;112;11945;532;14764;529;14494;749;12889;1031;15284;308;10563;30;1;447;10707;333;11960;272;9597;466;10418;764;12599;741;11611;1025;16440;380;8819;837;11840;698;9900;383;9497;579;9590;247;5553;368;6031;113;3896;135;4640;257;5030;158;3518;150;3212;292;5541;261;3726;120;2596;27;1977;136;2561;882;6805;76;2061;59;1880;109;2258;115;3245;63;1784;68;540;17;386;41;334;274;2161;37;204;4;50;168;856;1;43;4500;59;3055;5;116;3;48;4;20;1;4;1;2;22
2026-09-18T05:00:00+02:00;2026-09-18T03:00:02+02:00;1024;70215;114;12002;560;15164;561;14853;813;13551;1038;15406;335;10900;30;1;485;11140;350;12350;297;9859;483;10716;792;13077;749;11929;1067;17203;396;9021;868;12342;698;9900;411;9893;603;9869;269;5719;386;6259;115;4079;140;4849;260;5206;174;3648;158;3284;315;5808;283;3864;125;2655;27;1984;139;2622;926;7303;77;2116;59;1880;110;2341;118;3369;64;1891;72;561;17;391;41;347;284;2232;38;217;4;50;229;1371;1;43;4530;62;3086;5;116;3;58;4;20;1;4;2;2;22
2026-09-20T05:00:00+02:00;2026-09-20T03:00:03+02:00;1026;70541;114;12041;569;15359;577;15042;844;13898;1053;15642;358;11096;30;1;494;11353;364;12512;304;9985;492;10870;799;13368;755;12041;1082;17516;407;9137;881;12604;701;9925;426;10071;610;10094;275;5820;392;6392;118;4146;144;4955;262;5319;178;3725;160;3325;322;6038;294;3917;126;2680;27;2001;143;2649;945;7514;77;2123;59;1880;111;2365;121;3391;65;1922;74;575;17;394;45;373;289;2248;38;234;4;50;233;1493;1;45;4536;64;3094;5;116;3;58;4;20;1;4;2;2;22
2026-09-21T05:00:00+02:00;2026-09-21T03:00:01+02:00;1026;70575;114;12111;571;15528;581;15118;850;14044;1063;15735;364;11222;30;1;495;11399;365;12541;304;10104;494;10909;802;13477;760;12114;1090;17708;408;9254;882;12733;703;9949;428;10150;616;10232;279;5969;395;6425;118;4162;146;4986;264;5344;180;3849;160;3328;325;6183;294;3955;127;2693;28;2002;144;2661;954;7646;78;2131;59;1880;111;2375;121;3422;65;1922;74;575;17;394;46;388;291;2257;38;257;4;50;233;1493;1;45;4536;65;3095;5;116;3;58;4;20;1;4;2;2;22
2026-09-22T05:00:00+02:00;2026-09-22T03:00:01+02:00;1030;70838;115;12148;580;15671;602;15201;874;14325;1088;15929;370;11314;30;1;504;11596;393;12733;305;10167;497;10990;808;13610;763;12244;1098;18008;417;9343;895;12879;710;9989;432;10282;646;10421;285;6039;400;6509;119;4201;147;5033;270;5445;182;3898;160;3348;326;6276;300;4005;128;2708;28;2008;147;2686;967;7837;79;2143;59;1880;113;2394;123;3475;66;1934;80;616;17;394;47;388;292;2266;38;277;4;50;241;1621;1;45;4541;68;3101;5;116;3;61;4;20;1;4;2;2;22
2026-09-23T05:00:00+02:00;2026-09-23T03:00:01+02:00;1037;71228;116;12192;589;15830;613;15353;900;14571;1121;16172;385;11460;30;1;517;11750;398;12859;313;10259;502;11091;823;13768;769;12394;1144;18292;421;9460;918;13082;711;10044;440;10430;661;10522;294;6113;403;6573;119;4250;149;5086;271;5552;186;3935;160;3368;331;6398;308;4069;132;2729;28;2009;152;2708;982;7981;80;2153;59;1880;113;2415;125;3540;66;1959;83;639;17;401;47;392;299;2321;39;285;4;50;248;1726;1;47;4548;70;3113;5;117;3;61;4;20;1;4;3;15;22
2026-09-24T05:00:00+02:00;2026-09-24T03:00:01+02:00;1037;71599;116;12212;600;15953;634;15537;914;14748;1143;16357;397;11599;30;1;525;11861;405;12980;322;10335;507;11199;838;13912;774;12498;1159;18486;426;9539;932;13238;713;10077;446;10587;669;10629;302;6202;410;6657;120;4280;152;5157;274;5604;189;3969;163;3401;335;6511;321;4135;133;2751;30;2019;152;2742;999;8144;82;2172;59;1880;116;2461;125;3567;67;1988;92;675;17;401;47;394;305;2329;39;302;4;50;257;1828;1;49;4563;72;3129;5;117;3;61;4;20;1;4;3;16;22
