libelle_aca;libelle_aca_majuscules;email_region_academique;email_academie;Chefs d’établissement;Enseignants;Administration;Inspecteurs;TOTAL;GeoPoint;Latitude;Longitude
Martinique;MARTINIQUE;;ac-martinique.fr;6;9;17;3;35;14.653390441, -61.0188616632;14.653390441;-61.0188616632
Guyane;GUYANE;ac-guyane.fr;ac-guyane.fr;14;2;43;7;66;3.9243178653, -53.2385328464;3.9243178653;-53.2385328464
Dijon;DIJON;;ac-dijon.fr;7;10;14;8;39;47.2478306944, 4.14937923191;47.2478306944;4.14937923191
Normandie;NORMANDIE;;ac-normandie.fr;1;11;12;4;28;49.1043075421, -0.306234601792;49.1043075421;-0.306234601792
Nancy-Metz;NANCY-METZ;;ac-nancy-metz.fr;8;14;32;3;57;48.7623743677, 6.14180183082;48.7623743677;6.14180183082
Poitiers;POITIERS;;ac-poitiers.fr;10;5;23;16;54;46.1627290592, -0.0817422264449;46.1627290592;-0.0817422264449
Toulouse;TOULOUSE;;ac-toulouse.fr;11;24;21;12;68;43.768602732, 1.4874367317;43.768602732;1.4874367317
Polynesie;POLYNESIE;@ac-polynesie.pf;ac-polynesie.pf;0;4;1;0;5;-17.53733, -149.5665;-17.53733;-149.5665
Orléans-Tours;ORLEANS-TOURS;@ac-orleans-tours.fr;ac-orleans-tours.fr;6;16;39;15;76;47.4847816708, 1.68440746153;47.4847816708;1.68440746153
Amiens;AMIENS;;ac-amiens.fr;7;14;16;12;49;49.6427724137, 2.80766630448;49.6427724137;2.80766630448
Clermont-Ferrand;CLERMONT;;ac-clermont.fr;0;9;2;0;11;45.6561689979, 3.17706350247;45.6561689979;3.17706350247
La Réunion;LA REUNION;;ac-reunion.fr;11;10;31;6;58;-21.1332104688, 55.5325439455;-21.1332104688;55.5325439455
Versailles;VERSAILLES;;ac-versailles.fr;9;66;55;5;135;48.7816176128, 2.05093098277;48.7816176128;2.05093098277
Strasbourg;STRASBOURG;;ac-strasbourg.fr;8;20;14;5;47;48.3302742303, 7.4352136095;48.3302742303;7.4352136095
Bordeaux;BORDEAUX;;ac-bordeaux.fr;13;37;64;11;125;44.3550072937, -0.228081890016;44.3550072937;-0.228081890016
Montpellier;MONTPELLIER;;ac-montpellier.fr;3;34;9;3;49;43.5936344954, 3.22567116111;43.5936344954;3.22567116111
Corse;CORSE;;ac-corse.fr;9;5;27;3;44;42.1510421023, 9.10637122189;42.1510421023;9.10637122189
Noumea;NOUMEA;@ac-noumea.nc;ac-noumea.nc;1;11;20;1;33;-22.275801, 166.457993;-22.275801;166.457993
Paris;PARIS;;ac-paris.fr;8;19;28;6;61;48.8566055719, 2.34283924113;48.8566055719;2.34283924113
Besançon;BESANCON;;ac-besancon.fr;4;6;22;7;39;47.2079483667, 6.08808604316;47.2079483667;6.08808604316
Limoges;LIMOGES;;ac-limoges.fr;8;3;9;14;34;45.7740996265, 1.71417488108;45.7740996265;1.71417488108
Lyon;LYON;;ac-lyon.fr;0;23;4;2;29;45.9174746186, 4.77279452124;45.9174746186;4.77279452124
Grenoble;GRENOBLE;;ac-grenoble.fr;3;23;6;1;33;45.2201521806, 5.59670490137;45.2201521806;5.59670490137
Aix-Marseille;AIX-MARSEILLE;@region-academique-paca.fr;ac-aix-marseille.fr;5;27;19;8;59;44.1027716697, 5.79308891021;44.1027716697;5.79308891021
Nice;NICE;@region-academique-paca.fr;ac-nice.fr;7;11;20;6;44;43.6491925857, 6.60899772959;43.6491925857;6.60899772959
Guadeloupe;GUADELOUPE;;ac-guadeloupe.fr;0;3;1;2;6;16.1976016408, -61.5398945904;16.1976016408;-61.5398945904
Mayotte;MAYOTTE;;ac-mayotte.fr;6;1;20;3;30;-12.8200757555, 45.1468435284;-12.8200757555;45.1468435284
Créteil;CRETEIL;;ac-creteil.fr;2;38;5;5;50;48.6440215658, 2.89937994538;48.6440215658;2.89937994538
Lille;LILLE;;ac-lille.fr;5;38;20;12;75;50.4727275341, 2.71472301366;50.4727275341;2.71472301366
Reims;REIMS;;ac-reims.fr;7;8;15;4;34;48.7364499113, 4.54141849207;48.7364499113;4.54141849207
Nantes;NANTES;;ac-nantes.fr;2;25;7;3;37;47.477378106, -0.817261646271;47.477378106;-0.817261646271
Rennes;RENNES;;ac-rennes.fr;16;26;5;4;51;48.1775728152, -2.84277532963;48.1775728152;-2.84277532963
